{"schemaVersion":"1.0","appDefinitionTemplate":{"id":"/providers/Microsoft.PowerApps/apps/","type":"Microsoft.PowerApps/apps","tags":{"primaryDeviceWidth":"1366","primaryDeviceHeight":"768","supportsPortrait":"true","supportsLandscape":"true","primaryFormFactor":"Tablet","publisherVersion":"3.23075.15","minimumRequiredApiVersion":"2.2.0","hasComponent":"false","hasUnlockedComponent":"false","isUnifiedRootApp":"false","sienaVersion":"20230815T131622Z-3.23075.15.0","showStatusBar":"false"},"properties":{"appVersion":"2023-08-15T13:16:22Z","lifeCycleId":"Published","createdByClientVersion":{"major":3,"minor":23075,"build":15,"revision":0,"majorRevision":0,"minorRevision":0},"minClientVersion":{"major":3,"minor":23075,"build":15,"revision":0,"majorRevision":0,"minorRevision":0},"backgroundColor":"rgba(255, 255, 255, 1)","backgroundImageUri":"/13176263784203696533/N5b6afb58-fba2-4b9c-baf2-16e7413f3d78-logoSmallFile","displayName":"Returnship Volunteer Tracking","description":"Application to track Returnship volunteer Information.","commitMessage":"","appUris":{"documentUri":{"value":"/13176263784203696533/N6c6f9f55-56b9-4f08-9606-c061e13a3cd3-document.msapp"},"imageUris":[],"additionalUris":[]},"createdTime":"0001-01-01T00:00:00Z","lastModifiedTime":"0001-01-01T00:00:00Z","sharedGroupsCount":0,"sharedUsersCount":0,"connectionReferences":{"883b9270-da6e-4c74-b551-0eeddc665920":{"id":"c4435d72-58a6-49ee-931d-9df0b03c053a","displayName":"SharePoint","iconUri":"https://connectoricons-prod.azureedge.net/u/shgogna/globalperconnector-train1/1.0.1639.3312/sharepointonline/icon.png","dataSources":["Login_Info","Friday_Fireside_Chat","Mock_Interviewers_Lists","Mentors_Lists","Mentors","MockInterview","FridayFiresideChat"],"dependencies":[],"dependents":[],"parameterHints":{},"parameterHintsV2":{},"isOnPremiseConnection":false,"bypassConsent":false,"dataSets":{"https://martsit-my.sharepoint.com/personal/bhuvanak_marsreturnship_com":{"dataSources":{"Login_Info":{"tableName":"27fa46f0-113b-4c31-ae8f-c663fad9971e"},"Friday_Fireside_Chat":{"tableName":"1a071eff-1bfd-4006-9114-50350ffc4f9f"},"Mock_Interviewers_Lists":{"tableName":"6424ba24-285a-445d-a4b5-9d1cb24d6361"},"Mentors_Lists":{"tableName":"1ee0112c-af1e-4200-8320-8e602ef2add6"},"Mentors":{"tableName":"bfe2fc70-95db-43e7-9a0e-d8a95664f886"}}},"https://martsit-my.sharepoint.com/personal/sathyas_marsreturnship_com":{"dataSources":{"MockInterview":{"tableName":"1e6bfc19-363c-429c-b7c1-a6336e36d4af"},"FridayFiresideChat":{"tableName":"49677eda-0029-4f48-a817-d48c8556705f"}}}},"apiTier":"Standard","isCustomApiConnection":false,"actions":["providers/PowerPlatform.Governance/Operations/Read","providers/PowerPlatform.Governance/Operations/Write","providers/PowerPlatform.Governance/Operations/Delete"]},"2c499f16-d401-4f57-8a3f-d38f634347aa":{"id":"c4435d72-58a6-49ee-931d-9df0b03c053a","displayName":"SharePoint","iconUri":"https://connectoricons-prod.azureedge.net/u/shgogna/globalperconnector-train1/1.0.1639.3312/sharepointonline/icon.png","dataSources":["Mentors_1"],"dependencies":[],"dependents":[],"parameterHints":{},"parameterHintsV2":{},"isOnPremiseConnection":false,"bypassConsent":false,"dataSets":{"https://martsit-my.sharepoint.com/personal/bhuvanak_marsreturnship_com":{"dataSources":{"Mentors_1":{"tableName":"bfe2fc70-95db-43e7-9a0e-d8a95664f886"}}}},"apiTier":"Standard","isCustomApiConnection":false}},"databaseReferences":{},"almMode":"Environment","performanceOptimizationEnabled":true,"canConsumeAppPass":true,"enableModernRuntimeMode":false,"executionRestrictions":{"isTeamsOnly":false,"dataLossPreventionEvaluationResult":{"status":"Compliant","lastEvaluationDate":"2023-05-10T03:36:07.9992805Z","violations":[],"violationsByPolicy":[],"violationErrorMessage":"The app uses the following connectors: ."}}},"appType":"ClassicCanvasApp","appComponents":[]}}